"requester","responder","request_id","requester_votes","requester_subreddits"
"tapedeckghost","ded_reckoning","t3_zpzly",179,15
"photography444","iamseth","t3_1g2xtg",23,2
"FramingHips","pookie85","t3_vtgdh",2037,13
"WishIWereHere","donitsu","t3_oa1bn",158,3
"tealie13","kaboose666","t3_wvu7d",740,14
"Renegade_Journo","raspberryseltzer","t3_lpwg8",18555,23
"PaperCrates","mmmcandy","t3_wzdfb",194,14
"MaltMix","minivansareevil","t3_14sq09",390,11
"Safria","botw","t3_kjy8g",4,2
"senior2012","sartim","t3_krtse",0,0
"zimpirate","kigood","t3_15mvwr",1021,28
"xxrocksteadyxx","dezmodez","t3_szxpk",320,14
"Devron_System","m2nu","t3_vhwvk",3,1
"devonjackson","in2itiveact","t3_ln1qn",1507,13
"bobmystery","0mggames","t3_hv2b2",350,12
"Hekain","z0bie","t3_j24zb",474,15
"BrilliantBen","wingsalone","t3_jzbel",62931,12
"PorcelainPoet","leftnewdigg","t3_1dcf2z",741,14
"demon8rix","mr_jeep","t3_wi29z",415,14
"xyz66","incoherentrant","t3_zkvfi",50594,24
"MidNightSky","loki-laufeyson","t3_1fi22q",2,1
"Kozii","overripebanana","t3_popxl",853,16
"yawnlikeyoumeanit","clarle","t3_1ex8js",3905,50
"LiterallyProbably","dezmodez","t3_1e0uyz",7206,32
"pandapat","bridgetonarnia","t3_zbcu8",386,28
"nerdalicious85","mstina","t3_12m4dw",2280,20
"justaMOMonreddit","erinpierce","t3_na9ck",14,2
"shameaway","reillyboy","t3_iuahk",0,0
"expandyourroots","whosthatguru_v2","t3_1kwdw0",29779,31
"czerniana","hermanobluth","t3_mmz3i",444,18
"oneironautalis","fivestarsoul","t3_14yly3",2853,11
"BonedbyPaypal","omatrisha","t3_qx22x",0,0
"spaghetties","djamberj","t3_iwhiq",10,1
"TheNamesIrrelevant","glinda_da_good_witch","t3_qi350",5,1
"Fembotty","womg","t3_1hwiuc",21,6
"klairedee","juggalofx","t3_kfvgc",100,3
"CeleryMonster","foreignporn","t3_ncogh",1364,24
"frackthatbitch","yoasty","t3_q12a1",8,1
"iamcosmos","wrongwaykid","t3_r4box",628,30
"conbel","tuckednip","t3_zqq84",114,4
"benc1213","ahensen","t3_k4y7u",2793,52
"Crusnik909","short_lurker","t3_19xyza",15789,45
"mellomeh","cutfloss","t3_1cc30t",738,10
"Vinnysin","tableofgeeks","t3_p4bhk",8,1
"j14vv","secretsweetheart","t3_vyupq",16974,69
"bleeding_dying_love","kmlweather","t3_sgzz0",38,4
"scbryant","clashin74","t3_ik3hj",0,0
"GetDisowned","kramapple","t3_1laxa0",649,13
"ShadowElliot","maverick44","t3_11mmww",1144,22
"princesspentagon","antibread","t3_11kbdf",471,25
"APICTUREOFAWHALE","razzlethemall","t3_1mkuh8",11065,23
"spacedout83","frankreynolds","t3_zkkxp",11469,92
"njdevils2626","bceltics933","t3_na04t",23,3
"CUTIEJUDY","jimswife9","t3_10ny1p",1196,25
"ceevar","johngalt1337","t3_1ejbbj",28,5
"hitno2004","govalle","t3_iejp5",0,0
"Drynian","dirtypaws","t3_1cxwov",350,14
"__The__Doctor","raxxarn","t3_qsrgg",2,1
"DoomedJanissary","rainerios","t3_1na78o",6348,22
"jnorthup0620","photo","t3_krb3m",1621,27
"Raven_Madd","osk213","t3_105dda",0,0
"carltonbankz","the_jury_is_out","t3_veeyw",225,6
"NakedLunchbox","whosthatguru_v2","t3_pmmh9",3247,39
"friedsooshi","menmybabies","t3_p6zgo",87,6
"slipnslide91","monkeyhouse","t3_mywl8",649,14
"erikturner10","iamaredditer","t3_1c8gp9",32934,26
"queersmut","bgoodrbcareful","t3_1jy0x7",1563,38
"chriscosta77","ch31415","t3_1n4znx",4801,64
"Zebattlefieldz","bgoodrbcareful","t3_1cc1fm",1009,14
"SoManyMinutes","tesformes","t3_w8j3r",27506,108
"pon_de_rring","zandyman","t3_14f8ed",2671,49
"spazmodial","thr","t3_11cqd5",205,10
"Red_Chaos1","goodgodamighty","t3_1i6y0l",5188,46
"Venomheart","enforce1","t3_iwdxn",0,0
"LovePenguin333","khalki","t3_1imqzn",1735,26
"shhmile","alxbnt","t3_1dekja",570,14
"Ambie79109","omnomagon","t3_kptim",5461,26
"krpiper","pastafariantwit","t3_svx9s",258,14
"Patmybody","rammikins","t3_tl7q7",2575,12
"jeffreydonger","carseycritter","t3_15htf7",624,19
"kimmyjay","odd-one-out","t3_14ny01",3364,31
"Deleccles","egmose","t3_jrysw",1,1
"whatalaymedown","adidabiking","t3_lzjvv",790,11
"frankslittlebeauties","ynoty3k","t3_l3a1p",2,2
"jmelol","lyricist","t3_t3uat",638,19
"swdpwnzdggr","leftnewdigg","t3_j5z0p",1825,23
"Austonian87","angiowhiz1","t3_17k605",2768,51
"JustBlewMyLoad","b4tty0n3","t3_1ci9u4",361,32
"KFCatz","better_with_salt","t3_lfdif",61,5
"kdubz0r","copred","t3_rqba4",0,0
"Ampix0","redditg0nad","t3_s2jyh",3747,26
"WhitechapelPrime","adamsstash","t3_160gjx",4650,45
"bestpartsoflonely","pizzamom","t3_1mtauc",2451,75
"mcavopol","perezdev","t3_1aagwh",10763,93
"ohmytvc15","synth3tk","t3_1frcip",1348,22
"gootray","astrogliide","t3_lm0l0",147,9
"slartbarg","wensul","t3_jg1tx",0,0
"dutchholland","airmanhand","t3_1ef88p",655,21
"ThomasTheDankEngine","mfbyrne","t3_uhfo4",318,6
"Denise65","jski5711","t3_x55d9",0,0
"abjackso","nygalz","t3_ijyyg",0,0
"cogitaveritas","pseudo_prodigal_son","t3_16ukpa",2120,61
"Detached09","glinda_da_good_witch","t3_r6uvo",5554,66
"TesticleTophat","twister17","t3_mxcqx",1865,10
"dontsayohwell","pastafariantwit","t3_m2sla",929,23
"pwhiller","_kill-fx_","t3_1aaxfv",17708,28
"dbrownbear","harrisonfire","t3_1lodmo",6683,9
"rubenik","vensik","t3_z8pyv",2,1
"chylilith","leftnewdigg","t3_s3mtl",2839,24
"puraasneira","jabberworx","t3_j67q0",122,7
"darwin57","jesses_girl","t3_o31ku",1977,27
"babababigian","knitchick","t3_14yl3j",3314,52
"Satheling","scott2chicago","t3_1kjz61",381,16
"nerdbaitplus3","ibaheir2dathrone","t3_y1swi",28,4
"Marivia","boatdude","t3_1d8g9b",9892,38
"getoutofherestaIker","ladyjanegr","t3_107rut",5430,17
"BigBoss722","moshimoochi","t3_p6o4h",12914,57
"whowriter","gogogadgetstat","t3_vwgnh",498,18
"Te5ter","ltshrink","t3_rlqw0",187,5
"commonreddituser","moomoocowninja","t3_14tjdf",710,13
"AsmaJones","jme413","t3_zsogn",6596,28
"Slapthatbass84","thelastman","t3_164hsj",2057,40
"msmisfit138","daner54","t3_icfjb",5398,25
"CaptainFuckingPlanet","mexta","t3_1d1niu",1956,19
"dadoftwinboys","m2nu","t3_maz1g",8,2
"BigPlunk","gama-go","t3_jr1lq",4839,25
"shanemeh","lgm1117","t3_ikaoj",2276,31
"innovindil","foki","t3_174u7e",3465,58
"mercmaid","gloriouspeanut","t3_1g76mq",11627,71
"eskiimo","thr","t3_njowo",2949,13
"skinpeels","ryanxm","t3_m0x5b",946,37
"Spandexisbad","massawyrm","t3_1cfb3h",3,1
"soapbarrace","leochen","t3_pzkzj",17,2
"thelwynn","mooseindc","t3_v6r0g",0,0
"MattOnADinosaur","whubbard","t3_1g3h1r",33421,52
"Lolalawless1","solanumn","t3_x782m",0,0
"Krashenbern","idtugyourboat","t3_tbnpe",1553,25
"Neeps89","abrham_smith","t3_wal74",806,14
"hippiemama","lettherebedwight","t3_j8ypi",3775,40
"hawkfeathers","halftheman1","t3_1edsw6",1749,35
"EncounterJake","danilee88","t3_15wxdg",149,5
"butteredpotatoman","livingmaster","t3_wdwb0",0,0
"mrshll","coldheat","t3_ke989",7245,67
"imveryhungry","tdralston94","t3_1dafw3",4047,11
"dirtywook","1st_account_i_swear","t3_15ftmj",9385,50
"BurritoDevice","psm321","t3_1bvg8u",36,4
"andstuff","your_never_alone","t3_qt3v7",389,10
"akystics","providencepariah","t3_tjtxc",1232,18
"AlphaTJH","fatalie","t3_1ayjhe",25,3
"GlimpseOfReality","sectorfour","t3_vc4hg",2719,37
"Pterrific","harrisonfire","t3_1lixj3",15,1
"ricesock","forlornhope22","t3_10i6xc",11947,24
"sae223","laskoriff","t3_14dtyz",38,5
"fattyboombaladee","johngalt1337","t3_1elkjb",9199,23
"MeggiePoo10","thedanindanger","t3_1cua9e",130,12
"ajthesecond","raopanon","t3_128sfo",4743,41
"yhwksa","nandorocker","t3_1krjd9",26933,52
"xoyie","dranai","t3_15uf6h",2079,8
"MegainPhoto","flamingcow","t3_ilryc",13360,37
"hospitaltapes","duckydoom","t3_1inw6k",0,0
"glycerinSOAPbox","jeffreyed","t3_1bj56g",4113,38
"mdax8414","destudent","t3_182za3",14549,27
"kittybiscuits","jetboyterp","t3_pb1sl",894,8
"freakish-neko","bigbadjew","t3_u3lgo",0,0
"p0ns","sgeng","t3_1dine4",13,2
"shittyTaco","iheartsunrise04","t3_wshre",317,21
"zachthesquid","dsledz","t3_oqt3g",10128,16
"Nomsfud","fogdelune","t3_15cmbc",40569,28
"Black_Floyd47","ebitda1","t3_1hz51l",530,20
"kevka","cgkush","t3_yg26s",7397,30
"JeffRoyale","k-dawgg","t3_191lh2",431,17
"Scrambo","ithinkimdoingthis","t3_12racv",22053,26
"Turkilla","rhynovirus","t3_j79wu",7713,45
"4xmasbro","jeanralpheo","t3_uamvp",24,5
"kittybow","dontlikeclowns","t3_15g1rr",13,2
"Whazzits","jengomez","t3_txxhe",17266,34
"Hideaki02","aboveyou5280","t3_x89xn",567,24
"RobotBuddha","unmoderated","t3_ipti5",1819,37
"steezy1","cdjpurple","t3_ibybv",499,7
"kylawls","shrapnull","t3_zuz6j",16934,14
"sanctusnirvana","jetboyterp","t3_wujgp",386,19
"oh1berlin","m2nu","t3_jssxl",51,10
"nancynaturally","tanyagal2","t3_ob0s4",115,15
"ross5781","hand_out","t3_10ebw3",238,1
"unfinator","yunododat","t3_q778f",62,9
"greenbeen1","nathanpaulyoung","t3_1dqrm6",3873,36
"sam6374","govalle","t3_idt0z",0,0
"Pand0rah","kramapple","t3_1lb8wo",5863,33
"Nightsfaded","clouds_rach","t3_j4khu",157,11
"noperfectplace","ghotisgirl06","t3_wxes5",3,1
"Whiskey_Joe","wchill","t3_1mxdoc",2157,12
"loriann14","mclwlm","t3_1kbspq",265,11
"emajoranna","dalidala","t3_jwnz8",67,4
"Buckfutters","johngalt1337","t3_1ejjb2",6493,19
"kb13733","phreggs","t3_pds2z",543,16
"loadedtomcat","jetboyterp","t3_uhiez",19992,19
"guitarist231","hungrytrex","t3_uyapc",201,6
"vivi767","stillurking","t3_1jgf2f",495,17
"portablefan","mr_jeep","t3_q2x4u",3,1
"dprowan84","zstillman","t3_10qo7d",7162,20
"Ol_Geiser","mrsbirdies","t3_1enzdl",3342,39
"dcarrrey","jay_niel","t3_1c5whr",283,4
"kimi21","jeremybeadle","t3_16ecwy",3804,12
"LittleMissBlue","pkbooo","t3_pgpnh",352,20
"RainbowStar","boatdude","t3_w88ed",2837,39
"FreshCitrus","olivertw1st","t3_1bge05",3771,42
"Ruleroftheblind","clearmoon247","t3_pbztp",7152,55
"Shpook","jetboyterp","t3_lm8kd",3231,44
"tjk2795","starfireliz","t3_xqjr2",10600,15
"greyshadow_7","jetboyterp","t3_k4b7c",250,10
"mollymoosesays","olivertw1st","t3_l92cy",289,18
"vpal","foki","t3_149qai",45,3
"starvedin","electronicsnailmail","t3_isfa0",0,0
"unforgiving_cake","prettyugly1","t3_1jzamt",6670,38
"yall_weird","thisfreaknguy","t3_1b33f3",133,9
"yixing","thr","t3_1bc4f9",157,7
"elastic-love","sdtacoma","t3_mndty",27,7
"Rose94","boredaustralian","t3_181wsu",8155,38
"Psychochan","mkeanon","t3_1c9wej",1176,20
"303win","deyona","t3_oe3zg",851,41
"jjcrux","psm321","t3_1fttue",106,15
"bburchibanez","my2penniesworth","t3_1la0rw",797,11
"poup_soup_boogie","cyndikins","t3_x47st",1135,25
"duckydoom","iamaslacker246","t3_1idsgl",3036,21
"ohem","neogodfather","t3_wf6gt",21758,44
"adrearly","m2nu","t3_mdb8o",32,4
"Megaross","gold-coin","t3_1ekg5c",2753,13
"rikkums","locuester","t3_10opse",370,6
"drfeelgood60","arsenismzero","t3_1evf1g",22,2
"TheSundanceKid45","fuqyocouch","t3_10usdp",417,9
"chalt0","thegeorge","t3_1c796y",111,5
"Ecyg","threedice","t3_vv6uo",169,5
"Morbas","thr","t3_1bkxgh",939,20
"_Mink","realmkiller","t3_167owz",76,8
"starlight03","scrovak","t3_w1pfu",112,1
"mollymcbutter1","xxwinchell23xx","t3_lmjz4",533,10
"rshepa1555","kiltedman","t3_mco6j",1358,25
"infuriated_walmart","evilsalmon","t3_1l6t09",2024,19
"theshizle","thetruedarkone","t3_1jhwvy",8315,18
"hollyallen","deus_ex_eagles","t3_uisoe",0,0
"pungellin","drownyourfears","t3_u0b4w",3169,26
"dummyhead","frankto","t3_l1wdk",1339,24
"puffinmaster86","idem22","t3_1ard8p",581,31
"RainbowDashPro","samantha797","t3_xb4id",4180,31
"killhimalready","gadianton","t3_13vgju",19815,20
"a_wizard_diddit","oosp","t3_uvoyu",578,23
"ATwoms","elbonio","t3_1exnem",2869,28
"T3ph13","glinda_da_good_witch","t3_zpn24",1118,30
"theverybestusername","pizzamom","t3_1mjbbd",2417,25
"RhymesWithEloquent","anarchyreigns","t3_lcqaj",1471,25
"d0nt_b1ink","pizzamom","t3_1ik128",282,19
"rituyen","coconutcake","t3_ijcon",782,10
"The_black_Community","fugknuckles","t3_ur5yf",1783,34
"luiseuc","chicharito1821","t3_1ihhx4",18540,36
"roguediamond","jabberworx","t3_j8fnb",72,8
"deeter16323","instant_japanese","t3_12zfh3",19,1
"CaptBeeFart","verygoodname","t3_sp8xg",216,13
"Elemori","primio","t3_pk4g1",243,12
"kullus","mr_jeep","t3_1l5cvv",1382,48
"aSnuggletummie","i_like_owls","t3_xtx62",3184,27
"ankillanessie","zelmerszoetrop","t3_ilau5",67,9
"bugsinamber","idtugyourboat","t3_uotiq",882,31
"UniversityGyno","madamepinkie","t3_19gv1n",3718,55
"Aquintesce","incrediblep4ss","t3_m7to4",829,14
"Polly10","fogdelune","t3_wgk03",0,0
"warchamp7","fastizio6176","t3_kfxsm",3079,24
"SorinSaakat","tashiwa","t3_1jgj2w",5143,48
"bau5k1ng","krashenbern","t3_tpezd",802,17
"CXLVII","logicday","t3_1ich4u",10,3
"imthat1girl","zandyman","t3_rowqk",11,1
"crg78750","mr_jeep","t3_1bkedk",60,9
"madamthefifth","aggietimber","t3_15uyq3",2574,42
"Nimues","trollyx3","t3_14sy0u",115,3
"SmokehTheBear","cmdbash","t3_w7yx5",5517,46
"love2fap","niteflirtgirl","t3_18920c",4220,36
"slagathor51","generallyclueless","t3_v8h8a",1774,25
"FreeThinkerLee","fancy_lad","t3_u027s",215,1
"Throwaway980008","beatnikbillygoat","t3_nztz2",5,1
"sonichedghog","fatmanjogging","t3_1czlly",1027,6
"The_Axelrod","kornywayz","t3_uvavy",28,7
"netizenbane","ladyjanegr","t3_16y5eo",2902,54
"Impreza91","kingkaimaui","t3_1mwwu5",422,14
"boysenburry","codemonkeylikefritos","t3_11zb19",563,9
"element33","johngalt1337","t3_1eilsp",20720,75
"RaeFlynne","flipfapper","t3_wyilc",740,16
"jennyinstereo","stevevstheworld","t3_so8v3",703,16
"iceschade","hrnmyd","t3_oo525",415,22
"darthfapper","harrisonfire","t3_1iv3cj",740,6
"girlinacoma","fuzzywumpkis","t3_v07fz",666,8
"blu_olivz","johngalt1337","t3_1eg6hz",4835,49
"LakesideHerbology","Felipe_O","t3_1ietp9",126269,100
"BrownGuyLikesPie","harrisonfire","t3_1indge",2142,18
"BangThyHeadChild","who_is_kaiser_soze","t3_xzsu3",415,9
"DesperateInAustin87","tarable","t3_11a45a",226,2
"TheDanthrax","minecraft_is_hipster","t3_10gk0h",13218,66
"ilea316","hearip88","t3_krx89",2346,30
"neonrose","m2nu","t3_tfo4q",299,18
"FetidFlowers","all_aflunters","t3_14bzcp",1656,39
"huuuungryredditor","laz42","t3_11t3kg",0,0
"coranai","cookiedoh","t3_1gstqn",1415,9
"Tyeguy","drsquishyhug","t3_113kuj",81,8
"otice5447","m2nu","t3_vhs8y",0,0
"riotxjess","stillers412","t3_lkmwg",13,3
"mizozozowo","sueolsen","t3_uhmf8",4377,34
"Mysticedge","downey_ryan","t3_j2fxf",1183,11
"MSopenMyMind85","pastafariantwit","t3_qdn9m",28,9
"NatelieOne","Yarrg","t3_k3qyc",8273,30
"NoWordToSaveThee","immabeatchoo","t3_17rl0y",1709,40
"cinematicandstuff92","donthatemasticate","t3_x6xfz",568,10
"pilzkopf","sjmoll","t3_181l4t",240,20
"awxomecross514","kgros004","t3_y5vj7",5850,24
"iHardlyEverComment","johngalt1337","t3_1ej7wt",1064,31
"AbsoluteHero","johnfactorial","t3_qap6u",510,14
"ariqisab0ss","brightdotcom","t3_uozbx",220,10
"EmploymentFail","salbito","t3_puwjr",5,2
"Rahvinsix","jayce513","t3_liudo",0,0
"criwolv","yommey","t3_ibvn8",0,0
"grahamsimmons","flawlessnoob","t3_x9etl",838,15
"Bete-Noire","solanumn","t3_1ahfft",17146,166
"OtherRobotLuke","benkeiofthehillpeopl","t3_z7i98",0,0
"_redman","pineapple_wolf","t3_1gtjtl",37067,41
"TheMarketer","sparty_party","t3_wkix8",1582,29
"beardykins","jetboyterp","t3_pt1qv",293,17
"moosebot","biochrome","t3_1na4hu",15829,27
"AlphaDogAntone","the_oneders","t3_qrwex",426,16
"EpicLakai","blackleatherrain","t3_1hip5p",1352,22
"MaaronClopland","nicko9y","t3_17sl35",1967,3
"tulsapuppy","mycatownsme","t3_1nd11h",183,11
"phab3k","jenadactyl","t3_10mo95",136567,63
"pretty_honest_guy","pastafariantwit","t3_t1rba",6,4
"zombieinferno","ninjaliwa","t3_zv8j4",6671,41
"I_raped-I_rape_cats","chupanibre25","t3_slvkc",1335,28
"MarcianTobay","pastafariantwit","t3_vzxe5",0,0
"FizzMaster0","homeless_wonders","t3_1ce5o7",480,30
"Ohpheliac","morzinbo","t3_15nht5",13473,29
"Peetrius","bgoodrbcareful","t3_17ziw6",7645,47
"courtnutty","pastafariantwit","t3_recpu",2296,15
"denalexa13a","anotherguy2","t3_16gm64",873,17
"nientara","tanyagal2","t3_mslxz",393,23
"wanna_goober","subliminal187","t3_q087s",95,2
"FadedReality","MsFit","t3_i77kq",3584,35
"bananandrea","themanateeman","t3_kn4tz",591,23
"jesmew","odot522","t3_wh5io",2983,12
"KawaiiQueen","deathcabforpenguin","t3_ygzwt",23,2
"FlooMad","tanyagal2","t3_sf1tx",777,19
"Imponaut","paisley8827","t3_16bki5",671,16
"triforcehoardie","edrondol","t3_1i0eh2",4,1
"Windel","imperialviolet","t3_nf344",61,1
"SLNapster","rhystatic","t3_vt5ky",224,5
"lost_in_ky","iheartsunrise04","t3_wy5zu",41,1
"ihavethesads","ericisweird","t3_j6rym",0,0
"DwabbleDwabble","ninjaliwa","t3_11u31u",0,0
"allaside","pizzaman2012","t3_10u1pr",0,0
"Raxshi","delicatecrush","t3_ibqzx",23,2
"rose_tyler_fan","elementalrain","t3_yfron",690,25
"loudmast","vinceidon","t3_zjzx0",48,8
"christbeatty","mmmcandy","t3_wogdg",2768,24
"colorblindnick","mazdarx7guy","t3_12nzg3",1005,12
"JabberBody","logicday","t3_1ibd5b",5625,27
"allieeilla","danteburning","t3_1lfolk",2315,23
"salsgirl0","goodguygregirl","t3_1ah59z",0,0
"evilon3","palagoon","t3_14tp3u",49,7
"MeSoCornyyy","caladriel","t3_uf051",5223,12
"sheilathen","benmk","t3_1j4ytk",7646,25
"ha_rumph","pclinger","t3_vgool",83,2
"TheDoctorZeus","neighborhoodstranger","t3_wa7hw",383,18
"secretlyalone","mr_jeep","t3_k70pb",96,9
"StarMech","kimi21","t3_1ag1v5",12,1
"MiniMoog","iamtheharpy","t3_lj7oy",3178,11
"St0len","nygalz","t3_s4svv",1450,24
"msm1ssy","thr","t3_1c8rmz",1912,38
"damustardtiger","incoherentrant","t3_w56fp",5060,19
"justinfrederick","straha21","t3_1ih8z4",253,22
"Spagherica","dezmodez","t3_15567s",385,15
"Trebloc","incoherentrant","t3_18droz",927,22
"coldsandovercoats","mmmcandy","t3_wkd6l",6407,27
"ithinkimdoingthis","amarkson","t3_tv7zq",507,15
"homelessgal","mcallanan","t3_1lw16j",98,2
"zer0hz","pastafariantwit","t3_rdsa5",3208,3
"Bensteez","trust_me_im_a_panda","t3_10hpsk",220,11
"elspazzz","toafka","t3_15e9dq",626,21
"MentlegenBacon","iheartoptimusprime","t3_125i9k",1037,35
"tynosaur","ninjaliwa","t3_xsnoi",100,3
"thewaterballoonist","nelliebean","t3_1meieg",84641,42
"gracebatmonkey","dyslexicpea","t3_1e97au",377,8
"LoneKharnivore","roxieh","t3_19ywdh",3900,38
"Sinnocent","fobbingmobius","t3_177ayp",11527,109
"swilltastic","isothien","t3_qceuc",314,8
"SugarRushSlt","synth3tk","t3_1fqoyo",593,27
"nissie1","illgiveyouthekey","t3_t6s95",24,4
"Howulikeit","horny_toad2006","t3_1cgw6n",24408,42
"adorhlb23","2phresh","t3_th40x",2305,67
"iheartreddit420","hogfathom","t3_i96f9",0,0
"TommyTenToes","chalt0","t3_1djtso",4220,39
"heartagram_ben","bubblegumgills","t3_tl8gg",864,23
"Eaeelil","tanyagal2","t3_ubnwm",3965,75
"DietPepsi20oz","caladanbrood23","t3_jxj0w",0,0
"YepImBroke","thumpingarnt","t3_ihhbr",0,0
"Kappn","in2itiveact","t3_m7m7l",10,2
"AccioNeedles","crakhed","t3_11wza2",2876,13
